,Brand,Name,Rating,No. of ratings,Price,Return/Exchange,Expected Delivery,Availability,Other Details,URL
0,Visit the Kadence Store,"Kadence Frontier Jumbo Semi Acoustic Guitar With Die Cast Keys,Super Combo (Bag, 1 pack Strings, Strap, Picks, Capo, Tuner (black & stand)",3.9 out of 5 stars,984 ratings,-,7 Days Replacement,"Thursday, Aug 26",In stock.,"QUALITY STRINGS ---The surface is coated with a film coating, which is not easy to rust, which prolongs the use time of the strings and reduces the burden on the fingers when pressing the strings.  ||  DESIGN --- Simple head design, streamlined curvature makes the head and the body integrated, beautiful. The rosewood bridge has high hardness, strong vibration conductivity, stable and rich tone transmission.  ||  SIZE (41 inch)---Suitable for the guitarist over 14 years old, especially the beginners, students or adults.  ||  ADJUSTABLE ACTION----Built-in truss rod can balanced the tension caused by strings or temperature change shrinking, for a straight and durable neck. The adjustable acoustic guitar neck allows your hand to stay in a comfortable position by keeping the strings in a perfect height.  ||  Package Details:1 pack of Strings, picks, turner, foldable guitar stand, bag, strap and capo  ||  ELECTRO-ACOUSTIC---Built-in preamp for amplified use with volume control, 4 band EQ: bass and treble, integrated tuner for fast and easy tuning.",https://www.amazon.in/gp/slredirect/picassoRedirect.html/ref=pa_sp_atf_aps_sr_pg1_1?ie=UTF8&adId=A05211881ZGJIHX360ZMV&url=%2FKadence-Frontier-Acoustic-Guitar-Equalizer%2Fdp%2FB01HRIHJWY%2Fref%3Dsr_1_1_sspa%3Fdchild%3D1%26keywords%3Dguitar%26qid%3D1629740541%26sr%3D8-1-spons%26psc%3D1&qualifier=1629740541&id=2621138676573789&widgetName=sp_atf
1,Visit the Kadence Store,"Kadence Frontier Series, Natural Acoustic Guitar With Die Cast Keys Super Combo(Tuner,Capo,Bag,strap,strings and 3 picks)",3.8 out of 5 stars,75 ratings,-,7 Days Replacement,"Thursday, Aug 26",In stock.,"Product Type : Acoustic Guitar  ||  Brand:Kadence,Fretboard material:Rosewood,Number of strings:6  ||  Type:Acoustic Guitar,Body material:Spruce Wood  ||  String Type : Roundwound Strings,String Gauge : Stainless Steel",https://www.amazon.in/gp/slredirect/picassoRedirect.html/ref=pa_sp_atf_aps_sr_pg1_1?ie=UTF8&adId=A0928654VYD9HPIWAKBZ&url=%2FKadence-Frontier-Natural-Acoustic-Foldable%2Fdp%2FB01CJJGJ04%2Fref%3Dsr_1_2_sspa%3Fdchild%3D1%26keywords%3Dguitar%26qid%3D1629740541%26sr%3D8-2-spons%26psc%3D1&qualifier=1629740541&id=2621138676573789&widgetName=sp_atf
2,Visit the Guitar Bro Store,"GUITAR BRO - COMBO (Black Acoustic Guitar for Beginner, Guitar Learning Kit, Song Book, Video Lectures, Accessories like Pick, Bag)",3.7 out of 5 stars,28 ratings,"₹6,499.00",7 Days Replacement,Aug 28 - Sep 1,In stock.,"GUITAR BRO +20 mins FREE VIDEO Demo - is a learning kit which includes proprietary gadget, video lectures & songbook  ||  LIDEN WOOD GUITAR - A 39-inch acoustic guitar for beginners. With warm sound and quality strings, guitar picks and accessories, this is suitable for learners  ||  COMPATIBLE AND EASY TO FIT - Learning kit can be used for standard size 38-inch guitars, 39-inch guitars both acoustic and semi-acoustic. It is only for Right Handed players and compatible with an acoustic guitar for men, women, kids above 10 years or adults who need self-learning methods. It does not work on nylon string guitars but only on acoustic guitar strings made of steel.  ||  SELF LEARNING KIT - Learn Guitar At Home, At Your Own Time. Learn chords and play songs.  ||  WHAT DO YOU LEARN - The online guitar course will teach you from very basic things like how to hold a guitar, How to tune a guitar without using a tuner, How to use a metronome, how to install the Guitar Bro Tool to advance things like strumming and chords.",https://www.amazon.in/gp/slredirect/picassoRedirect.html/ref=pa_sp_atf_aps_sr_pg1_1?ie=UTF8&adId=A087933837LQ4BBEWM3H5&url=%2FGUITAR-BRO-Acoustic-Beginner-Accessories%2Fdp%2FB07T84GC8L%2Fref%3Dsr_1_3_sspa%3Fdchild%3D1%26keywords%3Dguitar%26qid%3D1629740541%26sr%3D8-3-spons%26psc%3D1&qualifier=1629740541&id=2621138676573789&widgetName=sp_atf
3,Brand: Honestum,"Honestum 4-string acoustic guitar learning kids toy, brown 18-Multi color",-,-,₹999.00,7 Days Replacement,"Saturday, Aug 28",In stock.,"Very Crisp and Clear Sound of Strings  ||  This guitar has good sound quality & good wooden finishing.It is made up of good quality plastic & is good for playing and learning.  ||  It is fully Functional With All The tuning keys and playable. This Children's sized Acoustic Guitar Toy is ideal for children to get the correct posture and learn how to play different notes.  ||  Helps kids have fun and stimulate and develop their talent & interest.This Guitar Is 24 Inches In Length.  ||  This Acoustic Guitar makes a great gift for kids. Lightweight, easy to hold, and has a nice appearance.This is not a professionally manufactured Guitar, just a toy for Children.Recommended for ages above 6 years.",https://www.amazon.in/gp/slredirect/picassoRedirect.html/ref=pa_sp_atf_aps_sr_pg1_1?ie=UTF8&adId=A05298849YF7RYDP43JI&url=%2FHonestum-4-string-acoustic-learning-18-Multi%2Fdp%2FB096XFNBK6%2Fref%3Dsr_1_4_sspa%3Fdchild%3D1%26keywords%3Dguitar%26qid%3D1629740541%26sr%3D8-4-spons%26psc%3D1&qualifier=1629740541&id=2621138676573789&widgetName=sp_atf
