,Name,Price,OS,Display,HDD,RAM,processor,weight,Dimension,Graphical processor
0,ALIENWARE AREA 51M R2,No details available,WINDOWS 10 HOME,"17.3"" (1920 X 1080)",1 TB SSD,16 GBGB DDR4,10TH GENERATION INTEL® CORE™ I7-10700 | 2.90 GHZ,4.1,27.65 x 402.6 x 319.14,Intel® UHD Graphics 630
1,ALIENWARE M15 R3,No details available,WINDOWS 10 HOME,"15.6"" (3840 X 2160)",1 TB SSD,16 GBGB DDR4,10TH GENERATION INTEL® CORE™ I9-10980HK | NA,NA,NA,NA
2,ASUS ROG STRIX SCAR 15,No details available,WINDOWS 10 HOME,"15.6"" (1920 X 1080)",1 TB SSD,16 GBGB DDR4,AMD RYZEN™ 9 5900HX | 3.3 GHZ,2.30,35.4 x 25.9 x 2.26,NVIDIA® GeForce RTX™ 3070
3,ASUS ROG ZEPHYRUS G14,No details available,WINDOWS 10 HOME,"14"" (1920 X 1080)",1 TB SSD,16 GBGB DDR4,AMD 3RD GENERATION RYZEN 9 | 3.3 GHZ,1.65,32.5 x 22.1 x 1.8,NVIDIA GeForce RTX 2060
4,LENOVO LEGION 5I,No details available,WINDOWS 10 PRO,"15.6"" (1920 X 1080)",1 TB SSD,16 GBGB DDR4,10TH GENERATION INTEL® CORE™ I5-10300H | 2.50 GHZ,2.3,363.06 x 259.61 x 23.57,NVIDIA® GeForce® GTX 1650 4GB
5,ASUS ROG ZEPHYRUS DUO 15,No details available,WINDOWS 10,"15.6"" (3840 X 1100)",512 GB SSD,4 GBGB DDR4,INTEL CORE I7 10TH GEN 10875H | NA,2.4,268.30 x 360.00 x 20.90,NVIDIA GeForce RTX 2070 Max-Q
6,ACER ASPIRE 7 GAMING,No details available,WINDOWS 10 HOME,"15.6"" (1920 X 1080)",512 GB SSD,8 GBGB DDR4,AMD RYZEN™ 5-5500U HEXA-CORE | NA,2.15,2.29 x 36.3 x 25.4,NVIDIA® GeForce® GTX 1650
